{
  "test_metrics": {
    "free_energy_mean": -0.1391901752606406,
    "recon_mse_mean": 0.1360652893781662,
    "recon_bit_error": 0.1360652893781662
  },
  "conditional_nll_nats": 1698.893042670356,
  "conditional_nll_bits": 2450.9845676612845,
  "conditional_nll_per_bit": 0.4816821782450683,
  "n_target_bits": 3527.0
}